City_ID,City,Country,Lat,Lng,Max Temp,Humidity,Cloudiness,Wind Speed,Current Description
0,Yellowknife,CA,62.456,-114.3525,18.12,86,100,3.44,light snow
1,Hobart,AU,-42.8794,147.3294,59.25,71,75,5.75,broken clouds
2,Mataura,NZ,-46.1927,168.8643,49.75,61,68,1.97,broken clouds
3,Port Alfred,ZA,-33.5906,26.891,62.19,90,61,3.6,broken clouds
4,Hermanus,ZA,-34.4187,19.2345,56.8,70,7,12.44,clear sky
5,Castro,BR,-24.7911,-50.0119,61.52,94,100,6.8,overcast clouds
6,Hasaki,JP,35.7333,140.8333,51.22,68,0,19.22,clear sky
7,Vila Velha,BR,-20.3297,-40.2925,76.95,84,75,12.66,broken clouds
8,Grindavik,IS,63.8424,-22.4338,37.87,93,0,17.27,clear sky
9,Zhigalovo,RU,54.8097,105.1578,-2.09,86,100,9.66,overcast clouds
10,Jamestown,US,42.097,-79.2353,54.99,44,0,9.22,clear sky
11,Yumen,CN,40.2833,97.2,32.81,38,100,11.88,overcast clouds
12,Iqaluit,CA,63.7506,-68.5145,13.73,57,100,10.36,overcast clouds
13,Atuona,PF,-9.8,-139.0333,77.63,73,18,13.82,few clouds
14,Aswan,EG,24.0934,32.907,67.3,39,0,5.75,clear sky
15,Bambous Virieux,MU,-20.3428,57.7575,76.21,73,40,11.5,scattered clouds
16,Avarua,CK,-21.2078,-159.775,78.85,69,75,13.8,broken clouds
17,Tres Arroyos,AR,-38.3739,-60.2798,90.73,28,99,14.29,light rain
18,Port Blair,IN,11.6667,92.75,77.04,94,40,2.3,mist
19,Puerto Ayora,EC,-0.7393,-90.3518,78.76,86,95,5.01,overcast clouds
20,Punta Arenas,CL,-53.15,-70.9167,53.71,50,75,23.02,broken clouds
21,Esperanza,DO,19.5847,-70.9849,88.38,68,34,4.0,scattered clouds
22,Kombissiri,BF,12.0656,-1.3375,78.78,18,2,7.09,clear sky
23,Rikitea,PF,-23.1203,-134.9692,75.02,72,100,5.68,overcast clouds
24,Sept-Iles,CA,50.2001,-66.3821,35.06,73,100,2.3,overcast clouds
25,Nemuro,JP,43.3236,145.575,40.64,78,12,22.82,few clouds
26,Busselton,AU,-33.65,115.3333,50.58,88,0,9.66,clear sky
27,Victoria,HK,22.2855,114.1577,74.32,87,93,15.01,overcast clouds
28,Ahero,KE,-0.1746,34.9163,69.78,64,100,4.03,overcast clouds
29,Vyazemskiy,RU,47.5378,134.7525,13.24,84,89,6.8,overcast clouds
30,Ushuaia,AR,-54.8,-68.3,51.42,62,0,19.57,clear sky
31,Kapaa,US,22.0752,-159.319,75.52,69,40,12.66,scattered clouds
32,Pevek,RU,69.7008,170.3133,-23.08,98,51,5.7,broken clouds
33,Buraydah,SA,26.326,43.975,72.05,47,38,12.88,scattered clouds
34,Saskylakh,RU,71.9167,114.0833,-13.11,97,100,7.43,overcast clouds
35,Souillac,MU,-20.5167,57.5167,75.58,73,40,11.5,scattered clouds
36,East London,ZA,-33.0153,27.9116,63.34,90,100,3.53,light rain
37,Dikson,RU,73.5069,80.5464,11.82,98,97,8.14,overcast clouds
38,Hambantota,LK,6.1241,81.1185,76.96,84,50,4.56,scattered clouds
39,Kodiak,US,57.79,-152.4072,35.11,51,75,6.91,broken clouds
40,Sao Felix Do Xingu,BR,-6.6447,-51.995,73.17,98,100,2.15,moderate rain
41,Boende,CD,-0.2167,20.8667,71.11,99,100,1.43,light rain
42,Qaanaaq,GL,77.484,-69.3632,1.58,96,100,3.98,overcast clouds
43,Albany,US,42.6001,-73.9662,52.65,46,4,3.0,clear sky
44,Krasnoselkup,RU,65.7,82.4667,-16.49,100,82,6.71,broken clouds
45,Tiksi,RU,71.6872,128.8694,-19.23,96,100,8.86,overcast clouds
46,Ngong,KE,-1.3618,36.6566,62.89,68,75,17.27,broken clouds
47,Hithadhoo,MV,-0.6,73.0833,81.39,77,99,10.2,overcast clouds
48,Kundiawa,PG,-6.0167,144.9667,62.56,97,100,1.86,overcast clouds
49,Santa Maria,BR,-29.6842,-53.8069,83.5,48,40,17.27,scattered clouds
50,Caravelas,BR,-17.7125,-39.2481,77.29,85,100,9.26,heavy intensity rain
51,Praia Da Vitoria,PT,38.7333,-27.0667,59.25,82,20,8.34,few clouds
52,Faanui,PF,-16.4833,-151.75,78.89,72,14,12.08,few clouds
53,Puerto Colombia,CO,10.9878,-74.9547,87.89,76,99,8.95,light rain
54,Bluff,NZ,-46.6,168.3333,49.57,60,70,3.22,broken clouds
55,Cazones,MX,20.7167,-97.3167,70.81,89,100,11.18,overcast clouds
56,Nevsehir,TR,38.9167,34.6667,34.81,93,40,0.0,scattered clouds
57,Pangnirtung,CA,66.1451,-65.7125,5.0,56,75,5.75,broken clouds
58,Hilo,US,19.7297,-155.09,79.25,66,0,1.99,clear sky
59,Vaini,TO,-21.2,-175.2,80.76,89,75,5.75,light intensity shower rain
60,Nieuw Amsterdam,SR,5.8833,-55.0833,82.56,88,40,5.75,scattered clouds
61,Asau,RO,46.4333,26.4,36.52,89,94,3.83,overcast clouds
62,La Ronge,CA,55.1001,-105.2842,25.05,63,75,9.22,broken clouds
63,Vereshchagino,RU,58.0789,54.6557,9.16,99,86,3.24,overcast clouds
64,Conceicao Do Araguaia,BR,-8.2578,-49.2647,71.33,97,100,2.95,light rain
65,Georgetown,MY,5.4112,100.3354,80.53,89,20,5.99,few clouds
66,Bara,NG,10.3744,10.7288,74.7,23,1,6.85,clear sky
67,Chuy,UY,-33.6971,-53.4616,73.72,71,0,12.91,clear sky
68,Cape Town,ZA,-33.9258,18.4232,64.27,66,20,21.85,few clouds
69,Luderitz,NA,-26.6481,15.1594,62.91,67,0,26.69,clear sky
70,Rio Gallegos,AR,-51.6226,-69.2181,69.85,17,20,19.57,few clouds
71,Sao Filipe,CV,14.8961,-24.4956,78.12,65,0,10.4,clear sky
72,Saint George,US,37.1041,-113.5841,45.19,33,0,3.44,clear sky
73,Homer,US,59.6425,-151.5483,35.47,60,0,5.75,clear sky
74,Barrow,US,71.2906,-156.7887,5.02,78,100,9.22,light snow
75,Bredasdorp,ZA,-34.5322,20.0403,57.97,71,17,5.44,few clouds
76,Butaritari,KI,3.0707,172.7902,80.56,74,63,6.24,broken clouds
77,Kavieng,PG,-2.5744,150.7967,81.95,65,96,6.26,overcast clouds
78,Kem,RU,64.9555,34.5793,18.97,86,100,7.05,overcast clouds
79,Bolton,GB,53.5833,-2.4333,53.38,86,100,8.01,light rain
80,Khatanga,RU,71.9667,102.5,-7.47,95,100,17.11,overcast clouds
81,Mareeba,AU,-17.0,145.4333,73.44,96,100,0.92,overcast clouds
82,Aklavik,CA,68.2191,-135.0107,8.6,85,100,8.05,light snow
83,Ust-Nera,RU,64.5667,143.2,-35.7,96,86,1.83,overcast clouds
84,Lerwick,GB,60.1545,-1.1494,51.8,90,93,30.15,overcast clouds
85,Ratnagiri,IN,16.9833,73.3,78.3,81,6,2.86,clear sky
86,Nanortalik,GL,60.1432,-45.2371,32.29,89,81,8.37,broken clouds
87,Elizabeth City,US,36.2946,-76.2511,60.03,53,0,10.36,clear sky
88,Anadyr,RU,64.75,177.4833,-12.68,100,81,5.17,broken clouds
89,Vila Franca Do Campo,PT,37.7167,-25.4333,62.2,74,100,6.13,overcast clouds
90,Bengkulu,ID,-3.8004,102.2655,74.64,90,99,3.62,overcast clouds
91,Portland,US,45.5234,-122.6762,48.18,91,75,5.01,broken clouds
92,Sambava,MG,-14.2667,50.1667,72.45,86,29,10.83,light rain
93,Sitka,US,57.0531,-135.33,35.49,87,75,3.44,light rain
94,Jieshi,CN,22.8134,115.8257,70.56,88,100,17.49,overcast clouds
95,Cherskiy,RU,68.75,161.3,-27.85,100,91,5.93,overcast clouds
96,Ozu,JP,33.5,132.55,50.83,81,0,6.4,clear sky
97,Ravar,IR,31.2656,56.8055,58.03,26,0,1.5,clear sky
98,Comodoro Rivadavia,AR,-45.8667,-67.5,66.06,39,0,13.8,clear sky
99,Lavrentiya,RU,65.5833,-171.0,7.09,80,36,8.72,scattered clouds
100,Broome,US,42.2506,-75.833,54.18,49,0,10.36,clear sky
101,Lake Havasu City,US,34.4839,-114.3224,66.22,21,0,3.44,clear sky
102,Camacha,PT,33.0833,-16.3333,65.62,73,40,2.3,scattered clouds
103,Kamenka,RU,51.3223,42.7678,33.64,85,100,13.58,overcast clouds
104,Dingle,PH,10.9995,122.6711,73.98,92,18,6.87,few clouds
105,Kaitangata,NZ,-46.2817,169.8464,50.23,58,7,4.74,clear sky
106,Flin Flon,CA,54.7682,-101.865,26.44,74,100,9.22,light snow
107,Mahebourg,MU,-20.4081,57.7,76.24,73,40,11.5,scattered clouds
108,Ban Nahin,LA,18.2418,104.2122,72.36,97,100,2.01,moderate rain
109,Kenai,US,60.5544,-151.2583,-0.31,92,0,3.44,clear sky
110,Port Lincoln,AU,-34.7333,135.8667,56.59,83,79,9.69,broken clouds
111,Praya,CV,14.9215,-23.5087,79.34,57,0,17.27,clear sky
112,Mogadishu,SO,2.0371,45.3438,79.93,78,77,13.53,broken clouds
113,Goderich,CA,43.7501,-81.7165,52.92,53,0,14.97,clear sky
114,Cidreira,BR,-30.1811,-50.2056,73.17,83,1,14.54,clear sky
115,Harper,LR,4.375,-7.7169,78.42,84,6,6.22,light rain
116,San Blas,MX,21.5167,-105.2667,81.0,53,0,7.47,clear sky
117,Pemangkat,ID,1.1667,108.9667,78.66,84,95,3.47,overcast clouds
118,Cabo San Lucas,MX,22.8909,-109.9124,82.62,53,0,1.99,clear sky
119,Bud,US,39.447,-86.1758,56.35,49,83,8.81,broken clouds
120,Rawson,AR,-43.3002,-65.1023,64.94,49,5,14.88,clear sky
121,Port Elizabeth,ZA,-33.918,25.5701,65.32,84,40,3.44,scattered clouds
122,Nome,US,64.5011,-165.4064,19.47,69,0,17.27,clear sky
123,Teknaf,BD,20.8624,92.3058,73.54,72,34,5.99,scattered clouds
124,Araouane,ML,18.9048,-3.5265,75.27,15,100,8.34,overcast clouds
125,Mehamn,NO,71.0357,27.8492,30.15,80,93,14.97,overcast clouds
126,Aquin,HT,18.2833,-73.4,82.6,71,35,3.36,scattered clouds
127,Isangel,VU,-19.55,169.2667,77.34,84,55,6.4,broken clouds
128,Sagae,JP,38.3725,140.2725,43.57,76,28,3.89,scattered clouds
129,Fortuna,US,40.5982,-124.1573,55.9,84,100,9.22,overcast clouds
130,Severo-Kurilsk,RU,50.6789,156.125,35.02,98,100,24.18,snow
131,Amahai,ID,-3.3333,128.9167,77.97,84,53,5.12,broken clouds
132,New Norfolk,AU,-42.7826,147.0587,58.91,58,66,5.01,broken clouds
133,Veraval,IN,20.9,70.3667,74.57,43,0,7.09,clear sky
134,Geraldton,AU,-28.7667,114.6,59.41,82,4,8.05,clear sky
135,Hovd,MN,48.0056,91.6419,2.35,43,100,10.98,overcast clouds
136,Korla,CN,41.7597,86.1469,36.82,31,14,7.05,few clouds
137,Nikolskoye,RU,59.7035,30.7861,13.91,86,100,6.69,overcast clouds
138,Mar Del Plata,AR,-38.0023,-57.5575,72.82,93,75,12.66,mist
139,Muroto,JP,33.2833,134.15,60.8,66,2,6.49,clear sky
140,Santiago Del Estero,AR,-27.7951,-64.2615,101.12,13,2,9.15,clear sky
141,Umm Lajj,SA,25.0213,37.2685,74.26,57,0,12.1,clear sky
142,Airai,TL,-8.9266,125.4092,61.41,87,100,0.47,overcast clouds
143,Berlevag,NO,70.8578,29.0864,30.2,80,20,13.8,few clouds
144,Thompson,CA,55.7435,-97.8558,24.96,86,100,8.05,light snow
145,Tuktoyaktuk,CA,69.4541,-133.0374,-2.2,84,40,11.5,scattered clouds
146,Upernavik,GL,72.7868,-56.1549,12.0,92,100,11.39,overcast clouds
147,Ixtapa,MX,20.7,-105.2,85.51,47,7,6.08,clear sky
148,Yangambi,CD,0.8102,24.4336,68.56,98,100,1.07,overcast clouds
149,Chapais,CA,49.7834,-74.8492,29.98,95,100,9.19,overcast clouds
150,Acapulco,MX,16.8634,-99.8901,84.7,65,6,6.71,clear sky
151,Letnica,PL,51.8981,15.333,43.32,70,81,3.13,broken clouds
152,Nantucket,US,41.2835,-70.0995,51.94,53,0,16.11,clear sky
153,Takaka,NZ,-40.85,172.8,54.55,95,100,0.63,light rain
154,Daan,CN,33.0558,106.2958,52.88,87,80,1.36,broken clouds
155,Paungde,MM,18.4833,95.5,73.11,87,100,1.16,overcast clouds
156,Riyadh,SA,24.6877,46.7219,75.34,34,0,8.88,clear sky
157,Burriana,ES,39.889,-0.085,57.67,67,79,3.36,broken clouds
158,Saldanha,ZA,-33.0117,17.9442,60.85,72,0,30.0,clear sky
159,Ribeira Grande,PT,38.5167,-28.7,59.4,67,20,9.22,few clouds
160,Narsaq,GL,60.9167,-46.05,23.36,75,87,6.85,overcast clouds
161,Kholodnyy,RU,62.7167,147.95,-34.69,99,76,2.15,broken clouds
162,Sobolevo,RU,54.4299,31.8996,31.23,98,100,10.38,light snow
163,Fare,PF,-16.7,-151.0167,78.76,72,11,11.27,few clouds
164,Lexington,US,37.9887,-84.4777,57.42,49,0,5.75,clear sky
165,Belyy Yar,RU,53.6039,91.3903,-11.15,73,40,4.47,scattered clouds
166,Port Moresby,PG,-9.4431,147.1797,72.82,100,40,5.75,scattered clouds
167,Cayenne,GF,4.9333,-52.3333,78.84,89,75,8.05,broken clouds
168,Bolshoye Selo,RU,57.7177,38.9334,10.13,97,75,5.17,broken clouds
169,Torbay,CA,47.6666,-52.7314,39.76,89,100,20.71,overcast clouds
170,Tuljapur,IN,18.0,76.0833,70.38,54,0,8.72,clear sky
171,Monrovia,LR,6.3005,-10.7969,79.18,80,44,8.01,scattered clouds
172,Shakawe,BW,-18.3667,21.85,73.63,61,68,5.23,broken clouds
173,Bethel,US,41.3712,-73.414,55.02,43,0,7.0,clear sky
174,Yabassi,CM,4.457,9.9682,75.38,93,92,0.89,overcast clouds
175,Jiuquan,CN,39.7432,98.5174,33.76,35,100,3.65,overcast clouds
176,Manicore,BR,-5.8092,-61.3003,85.95,74,40,3.44,scattered clouds
177,Iquique,CL,-20.2208,-70.1431,69.84,71,22,8.23,few clouds
178,Fort-Shevchenko,KZ,44.5086,50.263,49.32,56,100,19.69,overcast clouds
179,Belaya Gora,RU,68.5333,146.4167,-33.63,100,97,3.58,overcast clouds
180,Khandyga,RU,62.6667,135.6,-52.11,100,64,0.72,broken clouds
181,Emerald,AU,-23.5333,148.1667,71.35,58,99,9.6,overcast clouds
182,Port Hardy,CA,50.6996,-127.4199,44.78,100,100,5.75,moderate rain
183,Taltal,CL,-25.4,-70.4833,69.21,68,24,7.47,few clouds
184,Semey,KZ,50.4111,80.2275,-14.71,97,98,5.57,overcast clouds
185,Miramar,US,25.9873,-80.2323,87.8,70,20,11.5,few clouds
186,Saint-Joseph,RE,-21.3667,55.6167,71.98,73,34,9.46,scattered clouds
187,San Patricio,US,28.017,-97.5169,67.91,48,0,17.67,clear sky
188,Oriximina,BR,-1.7656,-55.8661,87.24,58,99,2.39,moderate rain
189,Tranas,SE,58.0372,14.9782,30.38,95,100,2.51,overcast clouds
190,Igarka,RU,67.4667,86.5833,-12.48,99,100,6.13,overcast clouds
191,Tabou,CI,4.423,-7.3528,78.71,83,8,5.68,clear sky
192,Gorom-Gorom,BF,14.4439,-0.2361,79.18,14,34,9.1,scattered clouds
193,Coquimbo,CL,-29.9533,-71.3436,67.73,68,20,12.66,few clouds
194,Beringovskiy,RU,63.05,179.3167,9.91,97,99,6.4,overcast clouds
195,Mayo,US,38.8876,-76.5119,61.21,37,0,5.75,clear sky
196,Saint-Pierre,RE,-21.3393,55.4781,73.08,60,0,3.44,clear sky
197,Kibara,TZ,-2.15,33.45,73.27,66,89,5.64,overcast clouds
198,Lorengau,PG,-2.0226,147.2712,81.16,72,28,6.04,scattered clouds
199,Pochutla,MX,15.7432,-96.4661,87.82,56,82,7.72,broken clouds
200,Alofi,NU,-19.0595,-169.9187,80.49,83,45,6.91,scattered clouds
201,Phan Thiet,VN,10.9333,108.1,76.15,88,100,4.63,overcast clouds
202,Richards Bay,ZA,-28.783,32.0377,70.45,89,100,8.23,light rain
203,Lebu,CL,-37.6167,-73.65,63.28,70,0,17.63,clear sky
204,Yerbogachen,RU,61.2767,108.0108,-14.37,97,100,5.99,overcast clouds
205,Ayan,RU,56.45,138.1667,2.91,75,91,11.1,overcast clouds
206,Orlik,RU,52.5178,99.825,-10.59,95,100,5.55,overcast clouds
207,Novoagansk,RU,61.9449,76.6625,-4.92,97,94,8.61,overcast clouds
208,Tomatlan,MX,19.9333,-105.25,86.52,47,57,7.05,broken clouds
209,Tasiilaq,GL,65.6145,-37.6368,23.68,62,100,6.11,overcast clouds
210,Quesnel,CA,52.9999,-122.5029,37.9,65,100,14.97,overcast clouds
211,Guerrero Negro,MX,27.9769,-114.0611,71.11,28,25,11.16,scattered clouds
212,Lompoc,US,34.6391,-120.4579,73.69,34,0,5.75,clear sky
213,Te Anau,NZ,-45.4167,167.7167,45.72,74,65,1.72,broken clouds
214,Machico,PT,32.7,-16.7667,67.71,80,20,5.75,few clouds
215,Yar-Sale,RU,66.8333,70.8333,5.88,90,100,7.85,overcast clouds
216,Lardos,GR,36.0942,28.0157,59.95,57,100,2.68,overcast clouds
217,Rosario Do Sul,BR,-30.2583,-54.9142,88.86,36,0,11.95,clear sky
218,Meulaboh,ID,4.1363,96.1285,75.38,88,99,3.89,overcast clouds
219,Havre-Saint-Pierre,CA,50.2334,-63.5986,34.16,93,100,4.61,mist
220,Anloga,GH,5.7947,0.8973,81.54,79,90,12.8,overcast clouds
221,Puerto Leguizamo,CO,-0.1934,-74.7819,80.13,79,99,3.56,overcast clouds
222,Laguna,US,38.421,-121.4238,70.18,40,0,5.75,clear sky
223,Somerset,US,40.5668,-74.5496,58.86,40,0,7.0,clear sky
224,Linkoping,SE,58.4109,15.6216,33.98,100,100,3.44,fog
225,Medford,US,42.3265,-122.8756,48.78,82,100,3.44,overcast clouds
226,Constitucion,CL,-35.3333,-72.4167,68.59,57,17,5.55,few clouds
227,Provideniya,RU,64.3833,-173.3,8.29,75,1,6.04,clear sky
228,Sawtell,AU,-30.3833,153.1,69.19,77,44,10.36,scattered clouds
229,Constantine,DZ,36.365,6.6147,51.21,76,40,10.36,scattered clouds
230,Gigmoto,PH,13.7796,124.39,77.65,79,89,8.9,overcast clouds
231,Baker,US,30.5882,-91.1682,64.81,73,100,16.89,light rain
232,Iwanai,JP,42.9744,140.5089,34.21,94,100,13.02,light snow
233,Kikwit,CD,-5.041,18.8162,68.04,98,85,1.03,overcast clouds
234,Yining,CN,29.0361,114.5636,57.34,94,18,2.53,few clouds
235,Ponta Do Sol,PT,32.6667,-17.1,67.71,74,47,1.83,scattered clouds
236,Paamiut,GL,61.994,-49.6678,19.89,86,25,6.89,scattered clouds
237,Klaksvik,FO,62.2266,-6.589,50.92,92,100,35.25,light rain
238,Palmer,US,42.1584,-72.3287,53.46,45,40,9.22,scattered clouds
239,Inta,RU,66.0317,60.1659,-6.75,95,70,9.04,broken clouds
240,Coihaique,CL,-45.5752,-72.0662,69.75,26,0,8.05,clear sky
241,Dhidhdhoo,MV,6.8833,73.1,80.28,71,100,4.52,overcast clouds
242,Mount Darwin,ZW,-16.7725,31.5838,78.26,34,78,3.91,broken clouds
243,Zheleznodorozhnyy,RU,55.7503,38.0042,23.61,95,97,6.55,overcast clouds
244,Omsukchan,RU,62.5333,155.8,-27.99,87,100,1.79,overcast clouds
245,Salalah,OM,17.0151,54.0924,75.31,66,0,2.19,clear sky
246,Sola,VU,-13.8833,167.55,81.52,73,98,8.7,overcast clouds
247,Atlantic City,US,39.3643,-74.4229,56.01,47,0,11.34,clear sky
248,Tautira,PF,-17.7333,-149.15,76.53,78,51,11.12,broken clouds
249,Aguilas,ES,37.4063,-1.5829,58.93,60,5,5.53,clear sky
250,Mount Gambier,AU,-37.8333,140.7667,53.44,77,98,6.64,overcast clouds
251,Polunochnoye,RU,60.8697,60.4153,-9.99,99,11,1.45,few clouds
252,Baghdad,IQ,33.3406,44.4009,66.11,59,40,3.44,scattered clouds
253,Xuddur,SO,4.1213,43.8894,78.03,58,96,7.05,overcast clouds
254,Prince Rupert,CA,54.3161,-130.3201,42.49,82,100,32.21,light rain
255,Yulara,AU,-25.2406,130.9889,72.7,62,54,6.82,broken clouds
256,Staryy Nadym,RU,65.6118,72.6842,0.14,95,99,7.47,overcast clouds
257,Rudbar,AF,30.15,62.6,59.23,18,5,0.58,clear sky
258,Westport,US,41.1415,-73.3579,56.28,41,0,5.99,clear sky
259,Lovington,US,32.944,-103.3485,40.05,81,98,4.0,overcast clouds
260,Chokurdakh,RU,70.6333,147.9167,-32.89,98,100,4.5,overcast clouds
261,Ancud,CL,-41.8697,-73.8203,64.47,55,100,5.23,overcast clouds
262,Henties Bay,NA,-22.116,14.2845,58.08,91,2,8.19,clear sky
263,Valera,VE,9.3178,-70.6036,77.41,92,100,1.39,overcast clouds
264,Oyama,JP,36.3,139.8,55.58,73,0,0.49,clear sky
265,Natal,BR,-5.795,-35.2094,83.05,69,40,16.11,scattered clouds
266,Aurillac,FR,44.9167,2.45,37.0,95,0,5.75,clear sky
267,Dunedin,NZ,-45.8742,170.5036,50.81,67,11,5.99,few clouds
268,Eydhafushi,MV,5.1033,73.0708,80.17,72,100,2.01,overcast clouds
269,China,MX,25.7,-99.2333,64.27,53,0,4.18,clear sky
270,Dalian,CN,38.9122,121.6022,46.33,66,40,8.95,scattered clouds
271,Lashio,MM,22.9333,97.75,62.4,89,74,0.78,broken clouds
272,Hervey Bay,AU,-25.2986,152.8535,75.25,76,34,10.63,scattered clouds
273,Jalu,LY,29.0331,21.5482,65.23,54,100,8.03,overcast clouds
274,Hamilton,US,39.1834,-84.5333,57.94,47,89,1.99,overcast clouds
275,Kochi,IN,9.9399,76.2602,76.98,89,91,5.3,overcast clouds
276,Boyolangu,ID,-8.1181,111.8935,73.49,97,100,4.43,overcast clouds
277,Clyde River,CA,70.4692,-68.5914,-9.17,84,100,3.44,overcast clouds
278,Biryusinsk,RU,55.9634,97.8235,-15.41,86,100,9.91,overcast clouds
279,Beidao,CN,34.5686,105.8933,48.79,85,83,3.47,broken clouds
280,Voyinka,UA,45.8699,33.9914,46.09,95,100,7.29,moderate rain
281,Muros,ES,42.7762,-9.0603,58.84,82,100,16.24,overcast clouds
282,Saint-Philippe,RE,-21.3585,55.7679,72.99,75,28,9.57,scattered clouds
283,Touros,BR,-5.1989,-35.4608,80.73,74,100,12.15,overcast clouds
284,Jojoima,SL,7.8792,-10.7878,77.04,70,100,3.06,overcast clouds
285,Amasya,TR,40.6667,35.8333,47.88,78,84,1.21,broken clouds
286,Severouralsk,RU,60.1533,59.952,-6.07,97,5,2.01,clear sky
287,Sorland,NO,67.667,12.6934,42.66,67,82,18.48,broken clouds
288,Krasnoborsk,RU,61.5598,45.934,3.69,98,18,1.9,few clouds
289,Eldama Ravine,KE,0.0516,35.7308,55.8,84,100,1.86,overcast clouds
290,Shenjiamen,CN,29.9576,122.298,63.21,74,100,11.03,overcast clouds
291,Victoria Point,AU,-27.5833,153.3,69.91,89,100,1.01,overcast clouds
292,Andros Town,BS,24.7,-77.7667,80.56,70,7,9.1,clear sky
293,Los Llanos De Aridane,ES,28.6585,-17.9182,65.95,79,40,8.05,scattered clouds
294,Nichinan,JP,31.6,131.3667,58.77,86,5,4.25,clear sky
295,Chiredzi,ZW,-21.05,31.6667,71.01,90,100,2.77,moderate rain
296,San-Pedro,CI,4.7485,-6.6363,78.19,83,10,5.41,clear sky
297,Ust-Uda,RU,54.1742,103.0304,-9.69,82,100,13.49,overcast clouds
298,Fallon,US,39.4735,-118.7774,52.92,46,35,5.19,scattered clouds
299,Noumea,NC,-22.2763,166.4572,75.0,99,1,5.61,clear sky
300,Vostok,RU,46.4856,135.8833,5.81,97,100,3.74,overcast clouds
301,Owase,JP,34.0667,136.2,54.37,86,4,6.87,clear sky
302,Nadym,RU,65.5333,72.5167,1.35,94,99,8.39,overcast clouds
303,Carauari,BR,-4.8828,-66.8958,84.74,71,100,2.84,heavy intensity rain
304,Padang,ID,-0.9492,100.3543,76.01,84,96,3.33,moderate rain
305,Longyearbyen,SJ,78.2186,15.6401,15.64,86,20,6.91,few clouds
306,Uporovo,RU,56.3109,66.2693,-3.96,90,9,5.7,clear sky
307,Norman Wells,CA,65.282,-126.8329,14.04,92,100,10.36,light snow
308,Betare Oya,CM,5.6,14.0833,75.56,38,42,2.59,scattered clouds
309,Campana,AR,-34.1687,-58.9591,97.23,17,4,11.81,clear sky
310,Portobelo,PA,9.55,-79.65,83.1,82,100,6.15,moderate rain
311,Les Cayes,HT,18.2,-73.75,84.02,66,20,8.68,few clouds
312,Havoysund,NO,70.9963,24.6622,32.23,79,100,14.03,overcast clouds
313,Birin,NP,26.8865,88.0718,50.07,78,0,4.36,clear sky
314,Kyzyl-Suu,KG,42.3414,78.0056,29.43,63,3,12.24,clear sky
315,Waingapu,ID,-9.6567,120.2641,77.16,87,100,2.95,moderate rain
316,Suzhou,CN,31.3114,120.6181,59.25,83,99,11.65,overcast clouds
317,Kuito,AO,-12.3833,16.9333,61.9,92,100,1.16,light rain
318,Cuamba,MZ,-14.8031,36.5372,77.92,31,9,4.03,clear sky
319,Nhulunbuy,AU,-12.2333,136.7667,79.41,83,100,3.44,overcast clouds
320,Karlstad,SE,59.3793,13.5036,34.36,100,100,8.05,fog
321,Chekhov,RU,55.1431,37.4711,21.15,95,100,6.91,light snow
322,Avera,US,33.194,-82.5271,66.25,42,83,9.55,broken clouds
323,Port Pirie,AU,-33.1833,138.0167,62.08,75,64,11.41,broken clouds
324,Kloulklubed,PW,7.0419,134.2556,75.7,71,43,7.29,scattered clouds
325,Manica,FR,49.0,-1.1667,48.74,83,100,14.9,light rain
326,Soltau,DE,52.9833,9.8333,43.09,96,100,5.59,overcast clouds
327,Eyl,SO,7.9803,49.8164,78.4,78,27,14.63,scattered clouds
328,Jumla,NP,29.2747,82.1838,44.82,46,85,4.45,overcast clouds
329,Ostrovnoy,RU,68.0531,39.5131,21.43,90,14,18.16,few clouds
330,Aksarayskiy,RU,46.7924,48.0119,41.23,77,100,19.06,overcast clouds
331,Abaetetuba,BR,-1.7181,-48.8825,85.93,63,44,7.43,scattered clouds
332,Bathsheba,BB,13.2167,-59.5167,84.81,74,40,18.41,scattered clouds
333,Bumba,CD,2.1833,22.4667,71.69,95,100,3.38,overcast clouds
334,Panama City,PA,8.9936,-79.5197,87.13,69,40,9.22,scattered clouds
335,Katherine,AU,-14.4667,132.2667,79.12,83,100,5.75,overcast clouds
336,Kimbe,PG,-5.5502,150.1429,75.47,93,99,2.3,moderate rain
337,Alyangula,AU,-13.8483,136.4192,82.2,78,100,7.96,overcast clouds
338,Maniitsoq,GL,65.4167,-52.9,20.8,71,84,5.57,broken clouds
339,La Macarena,CO,2.1837,-73.7849,86.34,60,84,3.09,broken clouds
340,Casper,US,42.8666,-106.3131,43.81,46,99,1.81,overcast clouds
341,Itarema,BR,-2.9248,-39.9167,81.46,72,100,16.31,overcast clouds
342,Waipawa,NZ,-41.4122,175.5153,56.32,77,100,5.57,moderate rain
343,Stepnyak,KZ,52.8339,70.7803,-17.12,91,4,3.27,clear sky
344,Pacific Grove,US,36.6177,-121.9166,67.39,56,1,11.99,clear sky
345,Megion,RU,61.0296,76.1136,-8.99,97,94,9.22,overcast clouds
346,Maracacume,BR,-2.0428,-45.9592,86.56,54,100,5.46,overcast clouds
347,Mataram,ID,-8.5833,116.1167,78.28,86,100,3.96,overcast clouds
348,Miandrivazo,MG,-19.5167,45.4667,80.67,63,4,1.01,clear sky
349,Santa Barbara,US,34.7333,-120.0343,68.31,23,0,5.75,clear sky
350,Pangai,TO,-19.8,-174.35,80.74,77,25,13.76,scattered clouds
351,Stony Plain,CA,53.5334,-114.0021,37.13,60,75,11.5,broken clouds
352,Plettenberg Bay,ZA,-34.0527,23.3716,58.14,81,10,4.07,clear sky
353,Alice Springs,AU,-23.7,133.8833,72.95,88,100,0.0,overcast clouds
354,Arraial Do Cabo,BR,-22.9661,-42.0278,78.76,73,40,12.66,scattered clouds
355,De Aar,ZA,-30.6497,24.0123,63.25,51,0,22.91,clear sky
356,Buala,SB,-8.145,159.5921,80.69,79,100,5.17,overcast clouds
357,Bandarbeyla,SO,9.4942,50.8122,78.53,78,16,17.38,few clouds
358,Panzhihua,CN,26.5851,101.7128,49.89,71,0,1.66,clear sky
359,Japura,ID,-0.3167,102.35,73.47,98,99,1.99,moderate rain
360,Kailua,US,21.4022,-157.7394,77.9,76,71,10.85,broken clouds
361,Pringsewu,ID,-5.3582,104.9744,72.75,95,93,3.76,overcast clouds
362,Hofn,IS,64.2539,-15.2082,43.38,81,100,15.57,overcast clouds
363,Carnarvon,AU,-24.8667,113.6333,67.73,74,0,22.88,clear sky
364,Kaputa,ZM,-8.4689,29.6619,71.28,74,100,5.39,overcast clouds
365,Gambela,ET,8.25,34.5833,81.12,49,100,3.76,overcast clouds
366,Chardara,KZ,41.2547,67.9692,42.15,71,5,7.96,clear sky
367,Ulladulla,AU,-35.35,150.4667,62.37,71,100,6.93,light rain
368,Rocha,UY,-34.4833,-54.3333,78.31,49,1,15.05,clear sky
369,Whittlesea,ZA,-32.1759,26.8244,54.1,86,100,4.85,overcast clouds
370,Nuuk,GL,64.1835,-51.7216,27.68,74,97,6.13,overcast clouds
371,Harwich,GB,51.9419,1.2844,53.22,84,100,11.99,overcast clouds
372,Sinnamary,GF,5.3833,-52.95,81.05,82,97,13.96,overcast clouds
373,Kattivakkam,IN,13.2167,80.3167,80.69,82,49,3.87,scattered clouds
374,Biak,ID,-0.9131,122.8766,76.15,81,71,2.35,broken clouds
375,Karpogory,RU,64.0019,44.4451,3.27,98,96,2.33,overcast clouds
376,Winslow,US,35.0242,-110.6974,53.28,17,0,4.52,clear sky
377,Sicuani,PE,-14.2694,-71.2261,63.25,35,93,11.95,overcast clouds
378,Vestmannaeyjar,IS,63.4427,-20.2734,39.92,81,70,13.71,broken clouds
379,Owerri,NG,5.4833,7.0304,79.7,76,92,6.33,overcast clouds
380,Erenhot,CN,43.6475,111.9767,27.27,59,0,13.89,clear sky
381,Samarai,PG,-10.6167,150.6667,81.99,76,100,2.28,overcast clouds
382,Leningradskiy,RU,69.3833,178.4167,-7.15,91,100,1.95,overcast clouds
383,Elko,US,41.0002,-115.5012,34.05,89,76,7.0,broken clouds
384,Peterhead,GB,57.5058,-1.7981,51.51,89,92,30.74,overcast clouds
385,Ergani,TR,38.2653,39.7621,46.2,83,100,2.89,light rain
386,Bantry,IE,51.6833,-9.45,53.78,79,100,25.68,overcast clouds
387,Dullewala,PK,31.8359,71.4362,64.51,20,0,2.95,clear sky
388,Kresttsy,RU,58.2452,32.5165,17.19,87,100,8.3,overcast clouds
389,Ormara,PK,25.2088,64.6357,77.0,58,0,11.03,clear sky
390,Mutis,CO,6.2262,-77.4044,79.41,82,91,7.9,light rain
391,Blythe,US,33.6103,-114.5964,68.04,12,2,3.11,clear sky
392,Gorontalo,ID,0.5412,123.0595,74.8,95,80,3.22,broken clouds
393,Kyshtovka,RU,56.555,76.6271,-8.66,93,100,4.18,overcast clouds
394,El Tocuyo,VE,9.7873,-69.7937,79.45,76,79,5.23,broken clouds
395,San Jose,US,37.3394,-121.895,68.05,46,0,8.99,clear sky
396,Ganzhou,CN,28.8184,115.4327,60.8,84,37,2.24,scattered clouds
397,Bundaberg,AU,-24.85,152.35,75.22,93,74,1.01,broken clouds
398,Batagay-Alyta,RU,67.8006,130.4114,-28.93,91,96,2.21,overcast clouds
399,Kruisfontein,ZA,-34.0033,24.7314,59.88,89,0,1.3,clear sky
400,Humaita,BR,-7.5061,-63.0208,78.42,91,100,2.57,overcast clouds
401,Faya,SA,18.3851,42.4509,59.11,65,94,4.47,light rain
402,North Branch,US,45.5113,-92.9802,55.51,61,0,6.15,clear sky
403,Rafaela,AR,-31.2503,-61.4867,99.99,14,22,7.0,few clouds
404,Mayna,RU,54.1135,47.6231,25.97,95,75,4.76,broken clouds
405,Namibe,AO,-15.1961,12.1522,72.59,80,67,7.34,broken clouds
406,Vao,NC,-22.6667,167.4833,73.45,64,3,8.77,clear sky
407,Ahipara,NZ,-35.1667,173.1667,58.26,94,100,9.44,moderate rain
408,Oksfjord,NO,70.2396,22.3479,35.78,84,100,8.05,overcast clouds
409,Malmo,SE,55.6059,13.0007,45.1,91,100,10.36,overcast clouds
410,Necochea,AR,-38.5473,-58.7368,76.96,50,100,17.6,overcast clouds
411,Husavik,IS,66.0449,-17.3389,39.04,98,100,1.97,overcast clouds
412,Kurumkan,RU,54.3,110.3,-1.97,78,100,2.59,overcast clouds
413,Bogoslovka,RU,53.2084,44.8013,31.12,87,100,8.23,overcast clouds
414,Komsomolskiy,UZ,40.4272,71.7189,39.92,93,100,0.0,fog
415,Aleksandrovsk-Sakhalinskiy,RU,50.8975,142.1561,24.98,79,100,26.42,light snow
416,Lagoa,PT,39.05,-27.9833,60.62,58,28,10.76,scattered clouds
417,Asmar,AF,35.0333,71.3581,56.57,35,0,9.95,clear sky
418,Nepa Nagar,IN,21.4667,76.4,61.07,43,0,3.36,clear sky
419,Kahului,US,20.8947,-156.47,75.97,81,100,7.0,overcast clouds
420,Banda Aceh,ID,5.5577,95.3222,77.76,80,56,8.41,broken clouds
421,Ouallam,NE,14.3188,2.0866,77.65,14,23,9.91,few clouds
422,Jatai,BR,-17.8814,-51.7144,91.4,22,8,8.46,clear sky
423,Saint-Michel-Des-Saints,CA,46.6834,-73.9159,39.94,85,94,9.95,overcast clouds
424,San Cristobal,VE,7.7669,-72.225,81.84,55,98,0.72,overcast clouds
425,Sao Gabriel Da Cachoeira,BR,-0.1303,-67.0892,85.55,66,75,1.25,moderate rain
426,Makakilo City,US,21.3469,-158.0858,76.44,68,73,8.9,broken clouds
427,Vardo,NO,70.3705,31.1107,31.98,80,20,37.98,few clouds
428,Ponta Grossa,BR,-25.095,-50.1619,60.51,96,100,8.34,overcast clouds
429,Burnie,AU,-41.0667,145.9167,53.94,74,45,11.01,scattered clouds
430,Tucuman,AR,-26.8241,-65.2226,98.1,15,0,11.12,clear sky
431,Ketchikan,US,55.3422,-131.6461,37.71,90,96,8.41,light rain
432,Savelugu,GH,9.6244,-0.8253,83.75,20,34,2.64,scattered clouds
433,Lengshuitan,CN,26.4111,111.5956,66.36,90,100,2.86,overcast clouds
434,Kokopo,PG,-4.352,152.2633,79.5,78,100,6.98,overcast clouds
435,Coahuayana,MX,18.7333,-103.6833,87.6,53,44,6.44,scattered clouds
436,Mimongo,GA,-1.6195,11.6068,67.62,99,100,1.9,overcast clouds
437,Tanabe,JP,33.7333,135.3667,54.72,86,1,10.71,clear sky
438,Katsuura,JP,35.1333,140.3,60.82,83,0,14.16,clear sky
439,Atambua,ID,-9.1061,124.8925,74.71,81,100,1.28,overcast clouds
440,Manzhouli,CN,49.6,117.4333,-1.17,84,100,8.77,overcast clouds
441,Arman,RU,59.7,150.1667,1.33,95,100,14.7,overcast clouds
442,Esperance,AU,-33.8667,121.9,59.14,69,100,12.39,overcast clouds
443,Catalina,US,32.5056,-110.9211,65.95,17,0,3.0,clear sky
444,Kichera,RU,55.9375,110.0997,-9.24,71,82,6.8,broken clouds
445,Savannah Bight,HN,16.45,-85.85,81.86,78,100,16.98,overcast clouds
446,Guanica,PR,17.9716,-66.908,84.69,79,81,6.67,light rain
447,Chunhuhub,MX,19.55,-88.6833,91.6,42,53,6.96,broken clouds
448,Magadan,RU,59.5667,150.8,9.9,89,100,18.54,overcast clouds
449,Bullhead City,US,35.1478,-114.5683,69.94,23,7,1.01,clear sky
450,Barcelos,PT,41.5388,-8.6151,55.92,71,100,4.83,overcast clouds
451,Quatre Cocos,MU,-20.2078,57.7625,75.09,68,21,12.37,few clouds
452,Nakamura,JP,32.9833,132.9333,50.07,90,0,5.19,clear sky
453,Kholm,RU,59.2667,32.85,17.17,86,81,6.85,broken clouds
454,Luau,AO,-10.7073,22.2247,64.45,93,100,3.22,overcast clouds
455,Cairns,AU,-16.9167,145.7667,78.06,90,75,2.3,broken clouds
456,Gimli,CA,50.6336,-96.9907,34.3,87,71,13.22,broken clouds
457,Trairi,BR,-3.2778,-39.2689,81.48,71,100,13.22,overcast clouds
458,Kango,GA,0.1943,10.0951,73.92,96,100,0.34,overcast clouds
459,Gazli,UZ,40.1333,63.45,44.02,58,0,17.92,clear sky
460,Teya,RU,60.3778,92.6267,-20.6,97,99,1.36,overcast clouds
461,Reforma,MX,18.1,-91.0167,82.2,79,99,4.54,light rain
462,Road Town,VG,18.4167,-64.6167,80.26,68,4,13.31,clear sky
463,Warri,NG,5.5167,5.75,78.58,81,68,4.29,broken clouds
464,Kavaratti,IN,10.5669,72.642,81.16,73,95,7.02,overcast clouds
465,Kozluk,TR,38.1938,41.4885,44.85,91,100,1.74,overcast clouds
466,Sangar,RU,63.9242,127.4739,-41.35,100,51,1.03,broken clouds
467,Baykit,RU,61.67,96.37,-30.51,99,90,0.54,overcast clouds
468,Ilulissat,GL,69.2167,-51.1,19.42,86,75,9.22,broken clouds
469,Ninghai,CN,29.2892,121.4247,56.53,91,75,2.39,broken clouds
470,Malkangiri,IN,18.35,81.9,62.71,71,2,1.52,clear sky
471,Olga,RU,43.7444,135.2892,22.87,56,13,11.18,few clouds
472,Guarapari,BR,-20.6667,-40.4975,76.89,92,100,5.55,overcast clouds
473,Fort Nelson,CA,58.8053,-122.7002,20.89,87,100,8.21,overcast clouds
474,Aranos,NA,-24.1333,19.1167,77.97,12,8,13.33,clear sky
475,Aripuana,BR,-9.1667,-60.6333,87.1,56,100,1.7,light rain
476,Inirida,CO,3.8653,-67.9239,84.07,79,100,1.21,light rain
477,Conchal,BR,-22.3303,-47.1725,84.36,55,71,10.58,broken clouds
478,Batavia,US,41.85,-88.3126,56.98,35,6,11.99,clear sky
479,Great Falls,US,47.5002,-111.3008,42.67,89,40,8.05,scattered clouds
480,Marawi,PH,7.9986,124.2928,66.88,95,78,1.95,broken clouds
481,Itaituba,BR,-4.2761,-55.9836,81.16,74,100,5.68,overcast clouds
482,Khani,GE,41.9563,42.9566,44.17,98,100,1.74,overcast clouds
483,Ballina,AU,-28.8667,153.5667,67.01,94,43,6.73,scattered clouds
484,Srednekolymsk,RU,67.45,153.6833,-36.49,100,83,2.98,broken clouds
485,Svetlaya,RU,46.5389,138.3297,23.07,52,98,11.79,overcast clouds
486,Alta Floresta,BR,-9.8756,-56.0861,78.78,83,100,4.92,overcast clouds
487,Tura,IN,25.5198,90.2201,60.71,82,0,3.22,clear sky
488,Atar,MR,20.5169,-13.0499,77.11,17,48,9.26,scattered clouds
489,Tyrma,RU,50.0833,132.1667,-6.86,100,80,1.57,broken clouds
490,Boshnyakovo,RU,49.6333,142.1667,24.15,88,100,22.41,light snow
491,Saint Pete Beach,US,27.7253,-82.7412,82.24,71,100,1.01,overcast clouds
492,Am Timan,TD,11.0297,20.2827,79.11,22,15,2.62,few clouds
493,Mapiri,BO,-15.25,-68.1667,94.91,23,6,4.81,clear sky
494,Tilichiki,RU,60.4667,166.1,-2.4,98,100,10.54,overcast clouds
495,Aykhal,RU,66.0,111.5,-24.65,100,97,2.8,overcast clouds
496,Eureka,US,40.8021,-124.1637,56.57,77,0,5.99,clear sky
497,Palic,RS,46.1023,19.7635,42.12,84,100,3.91,overcast clouds
498,Paita,PE,-5.0892,-81.1144,71.94,72,19,15.66,few clouds
499,Roros,NO,62.5747,11.3842,30.04,80,40,9.22,scattered clouds
500,Port Macquarie,AU,-31.4333,152.9167,63.9,86,99,8.05,overcast clouds
501,Deputatskiy,RU,69.3,139.9,-35.79,97,81,4.7,broken clouds
502,Carmarthen,GB,51.8555,-4.3054,54.95,97,100,22.68,overcast clouds
503,Urumqi,CN,43.801,87.6005,11.35,92,100,6.71,light snow
504,Mandalgovi,MN,45.7625,106.2708,16.03,85,54,3.36,broken clouds
505,Xacmaz,AZ,41.4635,48.806,54.16,84,99,0.54,overcast clouds
506,Hobyo,SO,5.3505,48.5268,79.81,72,35,11.03,scattered clouds
507,Tazovskiy,RU,67.4667,78.7,-2.25,97,100,10.25,overcast clouds
508,Carballo,ES,43.213,-8.691,58.87,78,96,8.3,overcast clouds
509,Hanzhong,CN,33.0728,107.0303,54.43,78,46,1.28,scattered clouds
510,Warrenton,ZA,-28.114,24.8475,65.84,70,56,11.61,broken clouds
511,Oussouye,SN,12.485,-16.5469,78.22,52,100,6.17,overcast clouds
512,Kapuskasing,CA,49.4169,-82.4331,38.75,92,100,7.47,overcast clouds
513,Margate,GB,51.3813,1.3862,53.91,86,100,8.01,overcast clouds
514,Cockburn Town,TC,21.4612,-71.1419,80.33,71,1,11.68,clear sky
515,Aksay,RU,47.26,39.87,45.25,83,100,21.0,overcast clouds
516,Hay River,CA,60.8156,-115.7999,14.14,88,100,2.62,overcast clouds
517,Irbeyskoye,RU,55.6428,95.4522,-13.02,87,100,11.65,overcast clouds
518,Codrington,AU,-38.2667,141.9667,53.92,80,100,12.3,overcast clouds
519,Okhotsk,RU,59.3833,143.3,-6.09,87,23,19.73,few clouds
520,Barranca,PE,-10.75,-77.7667,70.09,75,61,9.82,broken clouds
521,Tyldesley,GB,53.5139,-2.4675,54.05,87,100,5.01,overcast clouds
522,Maningrida,AU,-12.0667,134.2667,80.53,79,100,3.56,overcast clouds
523,Hlotse,LS,-28.8718,28.045,56.05,85,100,3.51,overcast clouds
524,Vila Do Maio,CV,15.1333,-23.2167,77.79,72,0,15.73,clear sky
525,Casas Grandes,MX,30.3667,-107.95,57.43,30,0,7.25,clear sky
526,Kirksville,US,40.1948,-92.5833,53.56,52,0,4.61,clear sky
527,Geilo,NO,60.5333,8.2076,32.56,89,97,2.26,overcast clouds
528,Santa Lucia,ES,27.9117,-15.5407,65.77,88,0,12.66,clear sky
529,Vendas Novas,PT,38.6771,-8.4579,53.8,62,100,3.11,overcast clouds
530,Russell,US,32.3502,-85.1999,62.91,88,100,0.0,overcast clouds
531,Shirokiy,RU,49.758,129.523,-8.95,100,98,4.23,overcast clouds
532,Sao Jose Da Coroa Grande,BR,-8.8978,-35.1478,80.26,75,77,9.95,broken clouds
533,Hami,CN,42.8,93.45,33.78,38,100,14.32,overcast clouds
534,Turukhansk,RU,65.8167,87.9833,-18.18,99,100,5.66,overcast clouds
535,Iracoubo,GF,5.4802,-53.2011,78.67,89,100,13.65,light rain
536,Joensuu,FI,62.6012,29.7632,16.29,92,40,9.22,scattered clouds
537,Odweyne,SO,9.4092,45.064,69.49,37,4,10.38,clear sky
538,Myitkyina,MM,25.3833,97.4,57.24,69,0,2.24,clear sky
539,Columbus,US,39.9612,-82.9988,57.78,48,0,8.05,clear sky
540,Northam,GB,51.0333,-4.2167,55.26,94,100,22.55,overcast clouds
541,Yenagoa,NG,4.9247,6.2642,77.97,83,41,5.95,scattered clouds
542,Ligaya,PH,12.6599,120.8923,77.47,79,100,4.21,overcast clouds
543,Shingu,JP,33.7333,135.9833,53.33,86,0,6.71,clear sky
544,Flinders,AU,-34.5833,150.8552,65.37,78,97,4.0,overcast clouds
545,Corrente,BR,-3.7367,-43.3394,88.18,49,100,5.91,overcast clouds
546,Borba,BR,-4.3878,-59.5939,83.55,71,100,4.29,overcast clouds
547,San Juan De La Maguana,DO,18.8059,-71.2299,85.26,51,17,3.38,few clouds
548,Solnechnyy,RU,50.7214,136.6319,7.66,92,93,4.43,overcast clouds
549,Blagoyevo,RU,63.3667,47.9167,1.72,95,100,2.66,overcast clouds
550,Antalaha,MG,-14.9003,50.2788,71.26,83,13,6.67,light rain
551,Ullapool,GB,57.8987,-5.1604,52.32,86,100,10.38,moderate rain
552,Realeza,BR,-25.7689,-53.5325,83.01,49,9,5.66,clear sky
553,Oranjemund,NA,-28.55,16.4333,60.12,88,0,19.08,clear sky
554,Walvis Bay,NA,-22.9575,14.5053,58.08,85,1,13.89,clear sky
555,Awbari,LY,26.5921,12.7805,65.57,42,100,3.78,overcast clouds
556,Talnakh,RU,69.4865,88.3972,-19.82,99,100,10.4,overcast clouds
557,Pisco,PE,-13.7,-76.2167,70.02,79,13,10.49,few clouds
558,Port Hawkesbury,CA,45.6169,-61.3485,47.17,95,100,21.99,mist
559,San Andres,CO,12.5847,-81.7006,82.35,79,99,16.96,light rain
560,Karpathos,GR,35.507,27.2132,58.96,63,99,3.44,overcast clouds
561,Abnub,EG,27.2696,31.1511,64.18,49,100,6.46,overcast clouds
562,Praia,CV,14.9215,-23.5087,76.57,74,0,13.94,clear sky
563,Shchigry,RU,51.8755,36.9043,33.62,93,100,10.31,overcast clouds
564,Byron Bay,AU,-28.65,153.6167,66.94,78,63,6.4,broken clouds
565,Vossevangen,NO,60.623,6.4229,35.87,88,99,5.41,overcast clouds
566,Bratsk,RU,56.1325,101.6142,-21.51,95,100,14.0,overcast clouds
567,Vryheid,ZA,-27.7695,30.7917,57.15,97,100,4.59,heavy intensity rain
568,Atasu,KZ,48.6814,71.6433,-10.46,81,6,9.73,clear sky
569,Lasa,IT,46.6166,10.7002,32.68,68,16,3.96,few clouds
570,Peleduy,RU,59.6289,112.7406,-19.53,100,100,2.06,overcast clouds
571,Bahia Honda,CU,22.9036,-83.1592,84.27,59,70,7.45,broken clouds
572,George,ZA,-33.963,22.4617,58.68,78,7,2.73,clear sky
573,Greencastle,US,39.6445,-86.8647,56.37,43,0,8.05,clear sky
574,Humberto De Campos,BR,-2.5983,-43.4611,83.41,65,91,9.13,overcast clouds
575,Bekhtery,UA,46.251,32.2927,42.66,89,100,13.76,overcast clouds
576,Tecoanapa,MX,16.5167,-98.75,83.21,70,43,8.9,scattered clouds
577,Oppdal,NO,62.5943,9.6912,27.41,89,32,12.15,scattered clouds
578,Hualmay,PE,-11.0964,-77.6139,71.2,74,36,10.31,scattered clouds
579,Suksun,RU,57.1431,57.3949,11.98,98,100,2.84,overcast clouds
580,Hudiksvall,SE,61.729,17.1036,34.97,98,100,2.21,overcast clouds
581,Kautokeino,NO,69.0125,23.0412,27.82,94,100,22.66,overcast clouds
582,Chaparral,CO,3.7232,-75.4832,79.45,72,78,2.68,broken clouds
583,Tonantins,BR,-2.8731,-67.8022,88.36,60,98,1.3,overcast clouds
584,Beloha,MG,-25.1667,45.05,76.64,68,30,4.0,scattered clouds
585,Leonidovo,RU,49.2833,142.8667,23.7,86,100,7.34,overcast clouds
586,Bay Roberts,CA,47.5999,-53.2648,40.51,81,100,8.99,overcast clouds
587,Calbuco,CL,-41.768,-73.1273,56.86,65,100,20.58,overcast clouds
588,Tatawin,TN,32.9297,10.4518,57.97,50,2,18.59,clear sky
589,Shirvan,AZ,39.9509,48.8994,54.05,86,2,6.26,clear sky
590,Bairiki,KI,1.3292,172.9752,82.4,78,20,4.61,few clouds
591,Kibaya,TZ,-5.3,36.5667,60.67,90,83,6.46,broken clouds
592,Tessalit,ML,20.1986,1.0114,73.18,17,89,8.9,overcast clouds
593,Hoopstad,ZA,-27.8327,25.9083,63.82,77,100,10.22,overcast clouds
594,Namatanai,PG,-3.6667,152.4333,79.66,79,96,3.38,overcast clouds
595,Kushima,JP,31.4583,131.2333,57.58,87,0,4.54,clear sky
596,Fairbanks,US,64.8378,-147.7164,12.54,87,100,0.0,overcast clouds
597,Nizhnevartovsk,RU,60.9344,76.5531,-8.99,77,100,7.0,light snow
598,Saint-Augustin,CA,51.226,-58.6502,32.54,90,100,8.52,overcast clouds
599,Muscat,OM,23.6139,58.5922,75.22,67,0,4.45,clear sky
600,Najran,SA,17.4924,44.1277,62.26,40,95,1.68,overcast clouds
601,Santiago,CL,-33.4569,-70.6483,95.29,27,0,20.71,clear sky
602,Marquette,US,46.5333,-87.6335,56.64,52,2,10.4,clear sky
603,Celestun,MX,20.8667,-90.4,86.32,62,12,6.87,few clouds
604,New Kensington,US,40.5698,-79.7648,56.34,34,0,3.0,clear sky
605,Poum,NC,-20.2333,164.0167,77.23,68,24,10.0,few clouds
606,Tuatapere,NZ,-46.1333,167.6833,47.98,72,76,1.52,broken clouds
607,Port Hedland,AU,-20.3167,118.5667,77.05,88,27,6.91,scattered clouds
608,Rapid City,US,44.0805,-103.231,50.45,50,75,25.32,broken clouds
609,Ghanzi,BW,-21.5667,21.7833,73.47,61,8,6.46,clear sky
610,La Joya,MX,18.6667,-99.4667,86.4,41,3,3.98,clear sky
611,Ukiah,US,39.1502,-123.2078,69.44,45,0,0.0,clear sky
612,Naze,JP,28.3667,129.4833,65.88,69,100,12.95,overcast clouds
613,Haines Junction,CA,60.7522,-137.5108,15.87,87,100,4.99,overcast clouds
614,Ha Tinh,VN,18.3333,105.9,74.1,95,61,2.01,broken clouds
615,Deyang,CN,31.1302,104.382,55.06,85,2,0.58,clear sky
616,Vanimo,PG,-2.6741,141.3028,77.83,80,93,2.93,overcast clouds
617,Abbeville,FR,50.1,1.8333,49.24,79,100,15.39,overcast clouds
618,Vestmanna,FO,62.1564,-7.1664,49.12,93,100,24.16,light intensity drizzle
619,San Isidro,PE,-12.1167,-77.05,71.19,68,75,12.66,broken clouds
620,Wenling,CN,28.3669,121.36,59.45,86,45,2.59,scattered clouds
621,Mehriz,IR,31.5917,54.4318,57.7,31,0,1.66,clear sky
622,Kerman,IR,30.2832,57.0788,57.58,25,0,2.86,clear sky
623,Ulaanbaatar,MN,47.9077,106.8832,-11.07,77,40,2.24,scattered clouds
624,Udachnyy,RU,66.4167,112.4,-28.73,100,100,4.32,overcast clouds
625,Naples,IT,40.8333,14.25,55.74,75,40,11.5,scattered clouds
626,Beyneu,KZ,45.3167,55.2,39.87,73,100,23.17,overcast clouds
627,Tongliao,CN,43.6125,122.2653,22.93,24,100,12.97,overcast clouds
628,Wewak,PG,-3.5534,143.6268,79.2,79,100,5.7,overcast clouds
629,Kudahuvadhoo,MV,2.6708,72.8944,80.92,76,100,8.72,overcast clouds
630,Tahta,EG,26.7693,31.5021,63.68,48,99,6.76,overcast clouds
631,Bonavista,CA,48.6499,-53.1147,38.08,90,100,22.41,overcast clouds
632,Labuhan,ID,-6.8844,112.2051,76.14,88,100,10.74,overcast clouds
633,Lagoa Vermelha,BR,-28.2086,-51.5258,73.35,64,59,10.51,broken clouds
634,Manggar,ID,-2.8833,108.2667,77.52,85,100,4.83,overcast clouds
635,Darnah,LY,32.767,22.6367,63.05,64,100,9.4,overcast clouds
636,Bubaque,GW,11.2833,-15.8333,82.2,66,100,9.8,overcast clouds
637,Kirakira,SB,-10.4544,161.9205,81.05,79,93,6.33,overcast clouds
638,Roebourne,AU,-20.7833,117.1333,82.15,33,8,11.05,clear sky
639,Shimoda,JP,34.6667,138.95,59.88,78,0,3.13,clear sky
640,Lipari,IT,38.4674,14.954,58.21,83,100,27.27,overcast clouds
641,Medea,DZ,36.2642,2.7539,43.52,93,3,2.48,clear sky
642,Shellbrook,CA,53.2168,-106.4011,27.82,86,100,9.08,overcast clouds
643,Dudinka,RU,69.4058,86.1778,-8.54,97,100,13.35,overcast clouds
644,Plaisance-Du-Touch,FR,43.5657,1.2975,44.26,93,100,2.3,fog
645,Yukamenskoye,RU,57.8865,52.2416,10.22,98,76,5.44,broken clouds
646,Huimanguillo,MX,17.85,-93.3833,84.15,75,70,4.76,broken clouds
647,Dhanwar,IN,24.4167,85.9833,59.29,51,88,3.2,overcast clouds
648,Teplyk,UA,48.6657,29.745,33.73,89,100,10.13,overcast clouds
649,Omboue,GA,-1.5746,9.2618,75.36,89,100,2.66,overcast clouds
650,Gela,IT,37.0803,14.2307,56.26,79,62,6.64,broken clouds
651,Taoudenni,ML,22.6783,-3.9836,77.07,19,76,9.55,broken clouds
652,Pathein,MM,16.7833,94.7333,74.68,93,100,2.1,overcast clouds
653,Mercedes,AR,-34.6515,-59.4307,97.03,14,3,13.18,clear sky
654,Pokosnoye,RU,55.5258,101.0536,-13.81,86,100,14.41,overcast clouds
655,La Rioja,ES,42.25,-2.5,33.58,29,100,4.99,overcast clouds
656,Tucupita,VE,9.0622,-62.051,77.86,93,100,6.15,light rain
657,Dukat,RU,62.55,155.55,-27.38,85,100,0.83,overcast clouds
658,Saint John,CA,45.2727,-66.0677,37.09,72,7,14.72,clear sky
659,Banjar,ID,-8.19,114.9675,77.29,91,100,4.7,overcast clouds
660,High Level,CA,58.5169,-117.136,22.73,76,88,7.2,overcast clouds
661,Chengzihe,CN,45.3333,131.0667,6.3,90,4,3.42,clear sky
662,Lensk,RU,60.7253,114.9278,-12.23,98,100,2.77,overcast clouds
663,Kamienna Gora,PL,50.7831,16.0304,43.74,83,100,4.47,overcast clouds
664,Bourail,NC,-21.5667,165.4833,74.41,66,0,3.09,clear sky
665,Chicama,PE,-7.8447,-79.1469,66.74,63,53,10.67,broken clouds
666,Conde,BR,-7.2597,-34.9075,81.86,69,20,10.36,few clouds
667,Manado,ID,1.487,124.8455,75.97,94,40,2.3,scattered clouds
668,Sergiyev Posad,RU,56.3,38.1333,14.61,95,97,6.26,overcast clouds
669,Abu Zabad,SD,12.35,29.25,71.78,23,0,11.03,clear sky
670,Mikhaylovka,RU,50.06,43.2379,35.78,82,100,14.27,light rain
671,Amparafaravola,MG,-17.5833,48.2167,62.15,89,5,3.09,clear sky
672,Khorixas,NA,-20.3667,14.9667,72.5,23,0,9.48,clear sky
